id,estado,estado-slug,municipio,municipio-slug,poblacion,latitud,longitud,fecha,c-negativos,c-sospechosos,c-confirmados,c-defunciones,c-recuperados,d-negativos,d-sospechosos,d-confirmados,d-defunciones,d-recuperados,sospechosos-tasa-100k,confirmados-tasa-100k,activos
1,"Baja California",BC,Mexicali,MXL,988417,32.61,-115.45,2020-04-01,111,38,28,2,0,0,0,0,0,0,3.84,2.83,26
2,"Baja California",BC,Tijuana,TJ,1641570,32.50,-116.95,2020-04-01,123,86,15,1,0,0,0,0,0,0,5.24,0.91,14
3,"Baja California",BC,Rosarito,ROS,96734,32.36,-117.06,2020-04-01,0,0,0,0,0,0,0,0,0,0,0.00,0.00,0
4,"Baja California",BC,Ensenada,ENS,486639,31.84,-116.61,2020-04-01,53,22,0,0,0,0,0,0,0,0,4.52,0.00,0
5,"Baja California",BC,Tecate,TEC,102406,32.56,-116.62,2020-04-01,0,0,0,0,0,0,0,0,0,0,0.00,0.00,0
6,"Baja California",BC,"San Quintin",SQ,4777,30.57,-115.94,2020-04-01,0,0,0,0,0,0,0,0,0,0,0.00,0.00,0
7,"Baja California",BC,Mexicali,MXL,988417,32.61,-115.45,2020-04-02,115,49,31,2,0,4,11,3,0,0,4.96,3.14,29
8,"Baja California",BC,Tijuana,TJ,1641570,32.50,-116.95,2020-04-02,116,90,21,2,0,-7,4,6,1,0,5.48,1.28,19
9,"Baja California",BC,Rosarito,ROS,96734,32.36,-117.06,2020-04-02,6,2,0,0,0,6,2,0,0,0,2.07,0.00,0
10,"Baja California",BC,Ensenada,ENS,486639,31.84,-116.61,2020-04-02,56,30,0,0,0,3,8,0,0,0,6.16,0.00,0
11,"Baja California",BC,Tecate,TEC,102406,32.56,-116.62,2020-04-02,6,2,0,0,0,6,2,0,0,0,1.95,0.00,0
12,"Baja California",BC,"San Quintin",SQ,4777,30.57,-115.94,2020-04-02,7,3,0,0,0,7,3,0,0,0,62.80,0.00,0
13,"Baja California",BC,Mexicali,MXL,988417,32.61,-115.45,2020-04-03,124,63,32,2,0,9,14,1,0,0,6.37,3.24,30
14,"Baja California",BC,Tijuana,TJ,1641570,32.50,-116.95,2020-04-03,132,88,26,2,0,16,-2,5,0,0,5.36,1.58,24
15,"Baja California",BC,Rosarito,ROS,96734,32.36,-117.06,2020-04-03,7,1,0,0,0,1,-1,0,0,0,1.03,0.00,0
16,"Baja California",BC,Ensenada,ENS,486639,31.84,-116.61,2020-04-03,60,30,0,0,0,4,0,0,0,0,6.16,0.00,0
17,"Baja California",BC,Tecate,TEC,102406,32.56,-116.62,2020-04-03,6,4,0,0,0,0,2,0,0,0,3.91,0.00,0
18,"Baja California",BC,"San Quintin",SQ,4777,30.57,-115.94,2020-04-03,8,2,0,0,0,1,-1,0,0,0,41.87,0.00,0
19,"Baja California",BC,Mexicali,MXL,988417,32.61,-115.45,2020-04-04,134,62,36,2,0,10,-1,4,0,0,6.27,3.64,34
20,"Baja California",BC,Tijuana,TJ,1641570,32.50,-116.95,2020-04-04,140,103,32,3,0,8,15,6,1,0,6.27,1.95,29
21,"Baja California",BC,Rosarito,ROS,96734,32.36,-117.06,2020-04-04,8,0,0,0,0,1,-1,0,0,0,0.00,0.00,0
22,"Baja California",BC,Ensenada,ENS,486639,31.84,-116.61,2020-04-04,67,29,1,0,0,7,-1,1,0,0,5.96,0.21,1
23,"Baja California",BC,Tecate,TEC,102406,32.56,-116.62,2020-04-04,6,5,0,0,0,0,1,0,0,0,4.88,0.00,0
24,"Baja California",BC,"San Quintin",SQ,4777,30.57,-115.94,2020-04-04,8,3,0,0,0,0,1,0,0,0,62.80,0.00,0
25,"Baja California",BC,Mexicali,MXL,988417,32.61,-115.45,2020-04-05,136,57,40,3,0,2,-5,4,1,0,5.77,4.05,37
26,"Baja California",BC,Tijuana,TJ,1641570,32.50,-116.95,2020-04-05,151,88,51,4,0,11,-15,19,1,0,5.36,3.11,47
27,"Baja California",BC,Rosarito,ROS,96734,32.36,-117.06,2020-04-05,8,0,0,0,0,0,0,0,0,0,0.00,0.00,0
28,"Baja California",BC,Ensenada,ENS,486639,31.84,-116.61,2020-04-05,69,27,2,0,0,2,-2,1,0,0,5.55,0.41,2
29,"Baja California",BC,Tecate,TEC,102406,32.56,-116.62,2020-04-05,6,5,0,0,0,0,0,0,0,0,4.88,0.00,0
30,"Baja California",BC,"San Quintin",SQ,4777,30.57,-115.94,2020-04-05,10,1,0,0,0,2,-2,0,0,0,20.93,0.00,0
31,"Baja California",BC,Mexicali,MXL,988417,32.61,-115.45,2020-04-06,136,53,44,3,0,0,-4,4,0,0,5.36,4.45,41
32,"Baja California",BC,Tijuana,TJ,1641570,32.50,-116.95,2020-04-06,159,68,63,6,0,8,-20,12,2,0,4.14,3.84,57
33,"Baja California",BC,Rosarito,ROS,96734,32.36,-117.06,2020-04-06,8,0,1,0,0,0,0,1,0,0,0.00,1.03,1
34,"Baja California",BC,Ensenada,ENS,486639,31.84,-116.61,2020-04-06,69,27,2,0,0,0,0,0,0,0,5.55,0.41,2
35,"Baja California",BC,Tecate,TEC,102406,32.56,-116.62,2020-04-06,6,5,0,0,0,0,0,0,0,0,4.88,0.00,0
36,"Baja California",BC,"San Quintin",SQ,4777,30.57,-115.94,2020-04-06,10,1,0,0,0,0,0,0,0,0,20.93,0.00,0
37,"Baja California",BC,Mexicali,MXL,988417,32.61,-115.45,2020-04-07,138,49,62,4,0,2,-4,18,1,0,4.96,6.27,58
38,"Baja California",BC,Tijuana,TJ,1641570,32.50,-116.95,2020-04-07,159,68,95,8,0,0,0,32,2,0,4.14,5.79,87
39,"Baja California",BC,Rosarito,ROS,96734,32.36,-117.06,2020-04-07,8,0,1,0,0,0,0,0,0,0,0.00,1.03,1
40,"Baja California",BC,Ensenada,ENS,486639,31.84,-116.61,2020-04-07,69,27,2,0,0,0,0,0,0,0,5.55,0.41,2
41,"Baja California",BC,Tecate,TEC,102406,32.56,-116.62,2020-04-07,6,5,0,0,0,0,0,0,0,0,4.88,0.00,0
42,"Baja California",BC,"San Quintin",SQ,4777,30.57,-115.94,2020-04-07,10,1,0,0,0,0,0,0,0,0,20.93,0.00,0
43,"Baja California",BC,Mexicali,MXL,988417,32.61,-115.45,2020-04-08,233,82,84,5,0,95,33,22,1,0,8.30,8.50,79
44,"Baja California",BC,Tijuana,TJ,1641570,32.50,-116.95,2020-04-08,304,122,146,8,0,145,54,51,0,0,7.43,8.89,138
45,"Baja California",BC,Rosarito,ROS,96734,32.36,-117.06,2020-04-08,19,10,2,0,0,11,10,1,0,0,10.34,2.07,2
46,"Baja California",BC,Ensenada,ENS,486639,31.84,-116.61,2020-04-08,99,14,2,0,0,30,-13,0,0,0,2.88,0.41,2
47,"Baja California",BC,Tecate,TEC,102406,32.56,-116.62,2020-04-08,20,8,6,0,0,14,3,6,0,0,7.81,5.86,6
48,"Baja California",BC,"San Quintin",SQ,4777,30.57,-115.94,2020-04-08,10,3,0,0,0,0,2,0,0,0,62.80,0.00,0
49,"Baja California",BC,Mexicali,MXL,988417,32.61,-115.45,2020-04-09,245,75,96,6,0,12,-7,12,1,0,7.59,9.71,90
50,"Baja California",BC,Tijuana,TJ,1641570,32.50,-116.95,2020-04-09,303,149,155,11,0,-1,27,9,3,0,9.08,9.44,144
51,"Baja California",BC,Rosarito,ROS,96734,32.36,-117.06,2020-04-09,19,10,2,0,0,0,0,0,0,0,10.34,2.07,2
52,"Baja California",BC,Ensenada,ENS,486639,31.84,-116.61,2020-04-09,101,15,3,0,0,2,1,1,0,0,3.08,0.62,3
53,"Baja California",BC,Tecate,TEC,102406,32.56,-116.62,2020-04-09,20,10,6,0,0,0,2,0,0,0,9.77,5.86,6
54,"Baja California",BC,"San Quintin",SQ,4777,30.57,-115.94,2020-04-09,10,2,1,0,0,0,-1,1,0,0,41.87,20.93,1
55,"Baja California",BC,Mexicali,MXL,988417,32.61,-115.45,2020-04-10,256,95,107,7,0,11,20,11,1,0,9.61,10.83,100
56,"Baja California",BC,Tijuana,TJ,1641570,32.50,-116.95,2020-04-10,314,182,181,18,0,11,33,26,7,0,11.09,11.03,163
57,"Baja California",BC,Rosarito,ROS,96734,32.36,-117.06,2020-04-10,19,10,4,0,0,0,0,2,0,0,10.34,4.14,4
58,"Baja California",BC,Ensenada,ENS,486639,31.84,-116.61,2020-04-10,109,27,3,0,0,8,12,0,0,0,5.55,0.62,3
59,"Baja California",BC,Tecate,TEC,102406,32.56,-116.62,2020-04-10,20,11,8,0,0,0,1,2,0,0,10.74,7.81,8
60,"Baja California",BC,"San Quintin",SQ,4777,30.57,-115.94,2020-04-10,10,2,1,0,0,0,0,0,0,0,41.87,20.93,1
61,"Baja California",BC,Mexicali,MXL,988417,32.61,-115.45,2020-04-11,256,133,118,8,0,0,38,11,1,0,13.46,11.94,110
62,"Baja California",BC,Tijuana,TJ,1641570,32.50,-116.95,2020-04-11,314,216,201,18,0,0,34,20,0,0,13.16,12.24,183
63,"Baja California",BC,Rosarito,ROS,96734,32.36,-117.06,2020-04-11,19,12,4,0,0,0,2,0,0,0,12.41,4.14,4
64,"Baja California",BC,Ensenada,ENS,486639,31.84,-116.61,2020-04-11,109,33,4,1,0,0,6,1,1,0,6.78,0.82,3
65,"Baja California",BC,Tecate,TEC,102406,32.56,-116.62,2020-04-11,20,13,9,0,0,0,2,1,0,0,12.69,8.79,9
66,"Baja California",BC,"San Quintin",SQ,4777,30.57,-115.94,2020-04-11,10,2,1,0,0,0,0,0,0,0,41.87,20.93,1
67,"Baja California",BC,Mexicali,MXL,988417,32.61,-115.45,2020-04-12,277,130,131,11,0,17,-3,13,3,0,13.15,13.25,120
68,"Baja California",BC,Tijuana,TJ,1641570,32.50,-116.95,2020-04-12,331,213,217,18,0,8,-3,16,0,0,12.98,13.22,199
69,"Baja California",BC,Rosarito,ROS,96734,32.36,-117.06,2020-04-12,19,13,4,0,0,0,1,0,0,0,13.44,4.14,4
70,"Baja California",BC,Ensenada,ENS,486639,31.84,-116.61,2020-04-12,112,27,4,1,0,1,-6,0,0,0,5.55,0.82,3
71,"Baja California",BC,Tecate,TEC,102406,32.56,-116.62,2020-04-12,22,11,12,0,0,2,-2,3,0,0,10.74,11.72,12
72,"Baja California",BC,"San Quintin",SQ,4777,30.57,-115.94,2020-04-12,13,4,2,0,0,3,2,1,0,0,83.73,41.87,2
73,"Baja California",BC,Mexicali,MXL,988417,32.61,-115.45,2020-04-13,277,119,150,11,0,0,-11,19,0,0,12.04,15.18,139
74,"Baja California",BC,Tijuana,TJ,1641570,32.50,-116.95,2020-04-13,331,190,240,21,0,0,-23,23,3,0,11.57,14.62,219
75,"Baja California",BC,Rosarito,ROS,96734,32.36,-117.06,2020-04-13,19,12,4,0,0,0,-1,0,0,0,12.41,4.14,4
76,"Baja California",BC,Ensenada,ENS,486639,31.84,-116.61,2020-04-13,112,27,4,1,0,0,0,0,0,0,5.55,0.82,3
77,"Baja California",BC,Tecate,TEC,102406,32.56,-116.62,2020-04-13,22,12,14,0,0,0,1,2,0,0,11.72,13.67,14
78,"Baja California",BC,"San Quintin",SQ,4777,30.57,-115.94,2020-04-13,13,4,2,0,0,0,0,0,0,0,83.73,41.87,2
79,"Baja California",BC,Mexicali,MXL,988417,32.61,-115.45,2020-04-14,308,120,184,14,0,28,1,34,3,0,12.14,18.62,170
80,"Baja California",BC,Tijuana,TJ,1641570,32.50,-116.95,2020-04-14,356,215,274,31,0,13,25,34,10,0,13.10,16.69,243
81,"Baja California",BC,Rosarito,ROS,96734,32.36,-117.06,2020-04-14,20,16,4,0,0,0,4,0,0,0,16.54,4.14,4
82,"Baja California",BC,Ensenada,ENS,486639,31.84,-116.61,2020-04-14,115,22,5,1,0,2,-5,1,0,0,4.52,1.03,4
83,"Baja California",BC,Tecate,TEC,102406,32.56,-116.62,2020-04-14,23,10,17,3,0,0,-2,3,3,0,9.77,16.60,14
84,"Baja California",BC,"San Quintin",SQ,4777,30.57,-115.94,2020-04-14,12,4,2,1,0,-1,0,0,1,0,83.73,41.87,1
85,"Baja California",BC,Mexicali,MXL,988417,32.61,-115.45,2020-04-15,360,113,207,20,0,52,-7,23,6,0,11.43,20.94,187
86,"Baja California",BC,Tijuana,TJ,1641570,32.50,-116.95,2020-04-15,396,225,280,32,0,40,10,6,1,0,13.71,17.06,248
87,"Baja California",BC,Rosarito,ROS,96734,32.36,-117.06,2020-04-15,23,15,4,0,0,3,-1,0,0,0,15.51,4.14,4
88,"Baja California",BC,Ensenada,ENS,486639,31.84,-116.61,2020-04-15,143,24,5,1,0,28,2,0,0,0,4.93,1.03,4
89,"Baja California",BC,Tecate,TEC,102406,32.56,-116.62,2020-04-15,23,16,17,3,0,0,6,0,0,0,15.62,16.60,14
90,"Baja California",BC,"San Quintin",SQ,4777,30.57,-115.94,2020-04-15,14,2,2,1,0,2,-2,0,0,0,41.87,41.87,1
91,"Baja California",BC,Mexicali,MXL,988417,32.61,-115.45,2020-04-16,356,122,216,22,0,-4,9,9,2,0,12.34,21.85,194
92,"Baja California",BC,Tijuana,TJ,1641570,32.50,-116.95,2020-04-16,406,325,292,38,0,10,100,12,6,0,19.80,17.79,254
93,"Baja California",BC,Rosarito,ROS,96734,32.36,-117.06,2020-04-16,23,16,5,0,0,0,1,1,0,0,16.54,5.17,5
94,"Baja California",BC,Ensenada,ENS,486639,31.84,-116.61,2020-04-16,148,23,5,1,0,5,-1,0,0,0,4.73,1.03,4
95,"Baja California",BC,Tecate,TEC,102406,32.56,-116.62,2020-04-16,24,17,18,3,0,1,1,1,0,0,16.60,17.58,15
96,"Baja California",BC,"San Quintin",SQ,4777,30.57,-115.94,2020-04-16,16,0,2,1,0,2,-2,0,0,0,0.00,41.87,1
97,"Baja California",BC,Mexicali,MXL,988417,32.61,-115.45,2020-04-17,369,152,236,25,0,13,30,20,3,0,15.38,23.88,211
98,"Baja California",BC,Tijuana,TJ,1641570,32.50,-116.95,2020-04-17,407,388,298,42,0,1,63,6,4,0,23.64,18.15,256
99,"Baja California",BC,Rosarito,ROS,96734,32.36,-117.06,2020-04-17,23,16,5,0,0,0,0,0,0,0,16.54,5.17,5
100,"Baja California",BC,Ensenada,ENS,486639,31.84,-116.61,2020-04-17,149,25,5,1,0,1,2,0,0,0,5.14,1.03,4
101,"Baja California",BC,Tecate,TEC,102406,32.56,-116.62,2020-04-17,24,28,19,3,0,0,11,1,0,0,27.34,18.55,16
102,"Baja California",BC,"San Quintin",SQ,4777,30.57,-115.94,2020-04-17,16,0,2,1,0,0,0,0,0,0,0.00,41.87,1
103,"Baja California",BC,Mexicali,MXL,988417,32.61,-115.45,2020-04-18,371,232,242,26,0,2,80,6,1,0,23.47,24.48,216
104,"Baja California",BC,Tijuana,TJ,1641570,32.50,-116.95,2020-04-18,404,391,374,49,0,-3,3,76,7,0,23.82,22.78,325
105,"Baja California",BC,Rosarito,ROS,96734,32.36,-117.06,2020-04-18,23,13,10,1,0,0,-3,5,1,0,13.44,10.34,9
106,"Baja California",BC,Ensenada,ENS,486639,31.84,-116.61,2020-04-18,149,37,5,1,0,0,12,0,0,0,7.60,1.03,4
107,"Baja California",BC,Tecate,TEC,102406,32.56,-116.62,2020-04-18,24,37,19,3,0,0,9,0,0,0,36.13,18.55,16
108,"Baja California",BC,"San Quintin",SQ,4777,30.57,-115.94,2020-04-18,16,0,2,1,0,0,0,0,0,0,0.00,41.87,1
109,"Baja California",BC,Mexicali,MXL,988417,32.61,-115.45,2020-04-19,372,324,246,26,0,1,92,4,0,0,32.78,24.89,220
110,"Baja California",BC,Tijuana,TJ,1641570,32.50,-116.95,2020-04-19,438,268,439,51,0,34,-123,65,2,0,16.33,26.74,388
111,"Baja California",BC,Rosarito,ROS,96734,32.36,-117.06,2020-04-19,23,13,10,1,0,0,0,0,0,0,13.44,10.34,9
112,"Baja California",BC,Ensenada,ENS,486639,31.84,-116.61,2020-04-19,150,31,9,1,0,1,-6,4,0,0,6.37,1.85,8
113,"Baja California",BC,Tecate,TEC,102406,32.56,-116.62,2020-04-19,24,40,19,3,0,0,3,0,0,0,39.06,18.55,16
114,"Baja California",BC,"San Quintin",SQ,4777,30.57,-115.94,2020-04-19,16,0,2,1,0,0,0,0,0,0,0.00,41.87,1
115,"Baja California",BC,Mexicali,MXL,988417,32.61,-115.45,2020-04-20,394,246,270,26,0,22,-78,24,0,0,24.89,27.32,244
116,"Baja California",BC,Tijuana,TJ,1641570,32.50,-116.95,2020-04-20,450,296,471,51,0,12,28,32,0,0,18.03,28.69,420
117,"Baja California",BC,Rosarito,ROS,96734,32.36,-117.06,2020-04-20,23,12,11,1,0,0,-1,1,0,0,12.41,11.37,10
118,"Baja California",BC,Ensenada,ENS,486639,31.84,-116.61,2020-04-20,158,26,12,1,0,8,-5,3,0,0,5.34,2.47,11
119,"Baja California",BC,Tecate,TEC,102406,32.56,-116.62,2020-04-20,25,39,20,3,0,1,-1,1,0,0,38.08,19.53,17
120,"Baja California",BC,"San Quintin",SQ,4777,30.57,-115.94,2020-04-20,16,0,2,1,0,0,0,0,0,0,0.00,41.87,1
121,"Baja California",BC,Mexicali,MXL,988417,32.61,-115.45,2020-04-21,421,194,295,27,0,27,-52,25,1,0,19.63,29.85,268
122,"Baja California",BC,Tijuana,TJ,1641570,32.50,-116.95,2020-04-21,481,246,510,60,0,31,-50,39,9,0,14.99,31.07,450
123,"Baja California",BC,Rosarito,ROS,96734,32.36,-117.06,2020-04-21,23,13,11,2,0,0,1,0,1,0,13.44,11.37,9
124,"Baja California",BC,Ensenada,ENS,486639,31.84,-116.61,2020-04-21,167,17,12,3,0,9,-9,0,2,0,3.49,2.47,9
125,"Baja California",BC,Tecate,TEC,102406,32.56,-116.62,2020-04-21,25,40,22,3,0,0,1,2,0,0,39.06,21.48,19
126,"Baja California",BC,"San Quintin",SQ,4777,30.57,-115.94,2020-04-21,16,0,2,1,0,0,0,0,0,0,0.00,41.87,1
127,"Baja California",BC,Mexicali,MXL,988417,32.61,-115.45,2020-04-22,421,157,364,36,29,0,-37,69,9,29,15.88,36.83,299
128,"Baja California",BC,Tijuana,TJ,1641570,32.50,-116.95,2020-04-22,481,252,557,86,24,0,6,47,26,24,15.35,33.93,447
129,"Baja California",BC,Rosarito,ROS,96734,32.36,-117.06,2020-04-22,23,13,11,2,0,0,0,0,0,0,13.44,11.37,9
130,"Baja California",BC,Ensenada,ENS,486639,31.84,-116.61,2020-04-22,167,21,14,4,1,0,4,2,1,1,4.32,2.88,9
131,"Baja California",BC,Tecate,TEC,102406,32.56,-116.62,2020-04-22,25,43,26,4,0,0,3,4,1,0,41.99,25.39,22
132,"Baja California",BC,"San Quintin",SQ,4777,30.57,-115.94,2020-04-22,16,0,3,1,0,0,0,1,0,0,0.00,62.80,2
133,"Baja California",BC,Mexicali,MXL,988417,32.61,-115.45,2020-04-23,500,137,393,36,31,27,-20,29,0,2,13.86,39.76,326
134,"Baja California",BC,Tijuana,TJ,1641570,32.50,-116.95,2020-04-23,500,307,588,89,25,3,55,31,3,1,18.70,35.82,474
135,"Baja California",BC,Rosarito,ROS,96734,32.36,-117.06,2020-04-23,23,12,11,2,0,0,-1,0,0,0,12.41,11.37,9
136,"Baja California",BC,Ensenada,ENS,486639,31.84,-116.61,2020-04-23,173,17,17,4,1,6,-4,3,0,0,3.49,3.49,12
137,"Baja California",BC,Tecate,TEC,102406,32.56,-116.62,2020-04-23,32,43,26,4,0,3,0,0,0,0,41.99,25.39,22
138,"Baja California",BC,"San Quintin",SQ,4777,30.57,-115.94,2020-04-23,15,0,4,1,0,-1,0,1,0,0,0.00,83.73,3
139,"Baja California",BC,Mexicali,MXL,988417,32.61,-115.45,2020-04-24,500,187,413,39,35,0,50,20,3,4,18.92,41.78,339
140,"Baja California",BC,Tijuana,TJ,1641570,32.50,-116.95,2020-04-24,500,261,660,110,26,0,-46,72,21,1,15.90,40.21,524
141,"Baja California",BC,Rosarito,ROS,96734,32.36,-117.06,2020-04-24,23,12,12,3,0,0,0,1,1,0,12.41,12.41,9
142,"Baja California",BC,Ensenada,ENS,486639,31.84,-116.61,2020-04-24,173,11,25,5,1,0,-6,8,1,0,2.26,5.14,19
143,"Baja California",BC,Tecate,TEC,102406,32.56,-116.62,2020-04-24,32,34,47,5,0,0,-9,21,1,0,33.20,45.90,42
144,"Baja California",BC,"San Quintin",SQ,4777,30.57,-115.94,2020-04-24,15,0,4,1,0,0,0,0,0,0,0.00,83.73,3
145,"Baja California",BC,Mexicali,MXL,988417,32.61,-115.45,2020-04-25,535,187,420,40,53,19,0,7,1,18,18.92,42.49,327
146,"Baja California",BC,Tijuana,TJ,1641570,32.50,-116.95,2020-04-25,521,214,700,117,77,11,-47,40,7,51,13.04,42.64,506
147,"Baja California",BC,Rosarito,ROS,96734,32.36,-117.06,2020-04-25,23,11,15,3,0,0,-1,3,0,0,11.37,15.51,12
148,"Baja California",BC,Ensenada,ENS,486639,31.84,-116.61,2020-04-25,191,15,27,5,1,18,4,2,0,0,3.08,5.55,21
149,"Baja California",BC,Tecate,TEC,102406,32.56,-116.62,2020-04-25,35,39,49,5,1,3,5,2,0,1,38.08,47.85,43
150,"Baja California",BC,"San Quintin",SQ,4777,30.57,-115.94,2020-04-25,15,0,4,1,0,0,0,0,0,0,0.00,83.73,3
151,"Baja California",BC,Mexicali,MXL,988417,32.61,-115.45,2020-04-26,562,179,471,40,53,27,-8,51,0,0,18.11,47.65,378
152,"Baja California",BC,Tijuana,TJ,1641570,32.50,-116.95,2020-04-26,536,257,737,120,77,15,43,37,3,0,15.66,44.90,540
153,"Baja California",BC,Rosarito,ROS,96734,32.36,-117.06,2020-04-26,23,4,15,3,0,0,-7,0,0,0,4.14,15.51,12
154,"Baja California",BC,Ensenada,ENS,486639,31.84,-116.61,2020-04-26,202,23,30,5,1,11,8,3,0,0,4.73,6.16,24
155,"Baja California",BC,Tecate,TEC,102406,32.56,-116.62,2020-04-26,35,37,51,5,1,0,-2,2,0,0,36.13,49.80,45
156,"Baja California",BC,"San Quintin",SQ,4777,30.57,-115.94,2020-04-26,15,0,4,1,0,0,0,0,0,0,0.00,83.73,3
157,"Baja California",BC,Mexicali,MXL,988417,32.61,-115.45,2020-04-27,576,147,508,40,58,14,-32,37,0,5,14.87,51.40,410
158,"Baja California",BC,Tijuana,TJ,1641570,32.50,-116.95,2020-04-27,536,263,737,123,86,0,6,0,3,9,16.02,44.90,528
159,"Baja California",BC,Rosarito,ROS,96734,32.36,-117.06,2020-04-27,23,5,15,3,0,0,1,0,0,0,5.17,15.51,12
160,"Baja California",BC,Ensenada,ENS,486639,31.84,-116.61,2020-04-27,202,39,30,5,1,0,16,0,0,0,8.01,6.16,24
161,"Baja California",BC,Tecate,TEC,102406,32.56,-116.62,2020-04-27,35,37,51,5,8,0,0,0,0,7,36.13,49.80,38
162,"Baja California",BC,"San Quintin",SQ,4777,30.57,-115.94,2020-04-27,15,0,4,1,0,0,0,0,0,0,0.00,83.73,3
163,"Baja California",BC,Mexicali,MXL,988417,32.61,-115.45,2020-04-28,584,131,529,45,67,8,-16,21,5,9,13.25,53.52,417
164,"Baja California",BC,Tijuana,TJ,1641570,32.50,-116.95,2020-04-28,540,229,765,130,91,4,-34,28,7,5,13.95,46.60,544
165,"Baja California",BC,Rosarito,ROS,96734,32.36,-117.06,2020-04-28,23,7,15,3,0,0,2,0,0,0,7.24,15.51,12
166,"Baja California",BC,Ensenada,ENS,486639,31.84,-116.61,2020-04-28,202,60,31,6,1,0,21,1,1,0,12.33,6.37,24
167,"Baja California",BC,Tecate,TEC,102406,32.56,-116.62,2020-04-28,35,37,53,5,8,0,0,2,0,0,36.13,51.75,40
168,"Baja California",BC,"San Quintin",SQ,4777,30.57,-115.94,2020-04-28,15,0,4,1,0,0,0,0,0,0,0.00,83.73,3
169,"Baja California",BC,Mexicali,MXL,988417,32.61,-115.45,2020-04-29,594,188,564,48,69,10,57,35,3,2,19.02,57.06,447
170,"Baja California",BC,Tijuana,TJ,1641570,32.50,-116.95,2020-04-29,582,314,831,142,96,42,85,66,12,21,19.13,50.62,593
171,"Baja California",BC,Rosarito,ROS,96734,32.36,-117.06,2020-04-29,23,7,15,3,0,0,0,0,0,0,7.24,15.51,12
172,"Baja California",BC,Ensenada,ENS,486639,31.84,-116.61,2020-04-29,203,39,33,6,2,1,-21,2,0,0,8.01,6.78,25
173,"Baja California",BC,Tecate,TEC,102406,32.56,-116.62,2020-04-29,38,47,63,5,9,3,10,10,0,0,45.90,61.52,49
174,"Baja California",BC,"San Quintin",SQ,4777,30.57,-115.94,2020-04-29,15,0,5,1,0,0,0,1,0,0,0.00,104.67,4
175,"Baja California",BC,Mexicali,MXL,988417,32.61,-115.45,2020-04-30,602,191,589,55,78,8,3,25,7,9,19.32,59.59,456
176,"Baja California",BC,Tijuana,TJ,1641570,32.50,-116.95,2020-04-30,587,310,859,153,117,5,-4,28,11,21,18.88,52.33,589
177,"Baja California",BC,Rosarito,ROS,96734,32.36,-117.06,2020-04-30,22,3,17,3,0,-1,-4,2,0,0,3.10,17.57,14
178,"Baja California",BC,Ensenada,ENS,486639,31.84,-116.61,2020-04-30,212,36,40,6,2,9,-3,7,0,0,7.40,8.22,32
179,"Baja California",BC,Tecate,TEC,102406,32.56,-116.62,2020-04-30,39,52,67,5,9,1,5,4,0,0,50.78,65.43,53
180,"Baja California",BC,"San Quintin",SQ,4777,30.57,-115.94,2020-04-30,17,0,5,1,0,2,0,0,0,0,0.00,104.67,4
181,"Baja California",BC,Mexicali,MXL,988417,32.61,-115.45,2020-05-01,614,241,602,58,87,12,50,13,3,9,24.38,60.91,457
182,"Baja California",BC,Tijuana,TJ,1641570,32.50,-116.95,2020-05-01,610,307,912,170,126,23,-3,53,17,9,18.70,55.56,616
183,"Baja California",BC,Rosarito,ROS,96734,32.36,-117.06,2020-05-01,24,3,18,3,1,2,0,1,0,0,3.10,18.61,14
184,"Baja California",BC,Ensenada,ENS,486639,31.84,-116.61,2020-05-01,214,36,42,7,2,2,0,2,1,0,7.40,8.63,33
185,"Baja California",BC,Tecate,TEC,102406,32.56,-116.62,2020-05-01,39,61,67,5,9,0,9,0,0,0,59.57,65.43,53
186,"Baja California",BC,"San Quintin",SQ,4777,30.57,-115.94,2020-05-01,17,0,5,1,0,0,0,0,0,0,0.00,104.67,4
187,"Baja California",BC,Mexicali,MXL,988417,32.61,-115.45,2020-05-02,614,271,603,61,87,0,30,1,3,0,27.42,61.01,455
188,"Baja California",BC,Tijuana,TJ,1641570,32.50,-116.95,2020-05-02,610,324,912,176,143,0,17,0,6,17,19.74,55.56,593
189,"Baja California",BC,Rosarito,ROS,96734,32.36,-117.06,2020-05-02,24,4,18,3,1,0,1,0,0,1,4.14,18.61,14
190,"Baja California",BC,Ensenada,ENS,486639,31.84,-116.61,2020-05-02,241,22,51,7,2,27,-14,9,0,0,4.52,10.48,42
191,"Baja California",BC,Tecate,TEC,102406,32.56,-116.62,2020-05-02,39,61,67,5,9,0,0,0,0,0,59.57,65.43,53
192,"Baja California",BC,"San Quintin",SQ,4777,30.57,-115.94,2020-05-02,17,0,5,1,0,0,0,0,0,0,0.00,104.67,4
193,"Baja California",BC,Mexicali,MXL,988417,32.61,-115.45,2020-05-03,615,276,609,61,87,1,5,6,0,0,27.92,61.61,461
194,"Baja California",BC,Tijuana,TJ,1641570,32.50,-116.95,2020-05-03,614,339,927,184,148,4,15,15,8,0,20.65,56.47,595
195,"Baja California",BC,Rosarito,ROS,96734,32.36,-117.06,2020-05-03,24,5,24,3,1,0,1,6,0,0,5.17,24.81,20
196,"Baja California",BC,Ensenada,ENS,486639,31.84,-116.61,2020-05-03,260,22,59,7,2,19,0,8,0,0,4.52,12.12,50
197,"Baja California",BC,Tecate,TEC,102406,32.56,-116.62,2020-05-03,39,62,69,5,9,0,1,2,0,0,60.54,67.38,55
198,"Baja California",BC,"San Quintin",SQ,4777,30.57,-115.94,2020-05-03,17,0,5,1,0,0,0,0,0,0,0.00,104.67,4
199,"Baja California",BC,Mexicali,MXL,988417,32.61,-115.45,2020-05-04,576,262,635,62,89,-39,-14,26,1,2,26.51,64.24,484
200,"Baja California",BC,Tijuana,TJ,1641570,32.50,-116.95,2020-05-04,674,292,977,185,148,60,-47,50,1,5,17.79,59.52,644
201,"Baja California",BC,Rosarito,ROS,96734,32.36,-117.06,2020-05-04,32,3,25,3,1,8,-2,1,0,0,3.10,25.84,21
202,"Baja California",BC,Ensenada,ENS,486639,31.84,-116.61,2020-05-04,226,26,53,7,2,-34,4,-6,0,0,5.34,10.89,44
203,"Baja California",BC,Tecate,TEC,102406,32.56,-116.62,2020-05-04,53,42,83,5,9,14,-20,14,0,0,41.01,81.05,69
204,"Baja California",BC,"San Quintin",SQ,4777,30.57,-115.94,2020-05-04,18,2,15,1,0,1,2,10,0,0,41.87,314.00,14
205,"Baja California",BC,Mexicali,MXL,988417,32.61,-115.45,2020-05-05,620,271,691,65,120,44,9,56,3,31,27.42,69.91,506
206,"Baja California",BC,Tijuana,TJ,1641570,32.50,-116.95,2020-05-05,662,308,983,195,164,-12,16,6,10,16,18.76,59.88,624
207,"Baja California",BC,Rosarito,ROS,96734,32.36,-117.06,2020-05-05,30,7,26,3,1,-2,4,1,0,0,7.24,26.88,22
208,"Baja California",BC,Ensenada,ENS,486639,31.84,-116.61,2020-05-05,240,38,55,7,2,14,12,2,0,0,7.81,11.30,46
209,"Baja California",BC,Tecate,TEC,102406,32.56,-116.62,2020-05-05,54,54,91,5,9,1,12,8,0,0,52.73,88.86,77
210,"Baja California",BC,"San Quintin",SQ,4777,30.57,-115.94,2020-05-05,28,0,16,1,0,10,-2,1,0,0,0.00,334.94,15
211,"Baja California",BC,Mexicali,MXL,988417,32.61,-115.45,2020-05-06,620,240,727,69,131,0,-31,36,4,11,24.28,73.55,527
212,"Baja California",BC,Tijuana,TJ,1641570,32.50,-116.95,2020-05-06,662,281,1037,203,176,0,-27,54,8,12,17.12,63.17,658
213,"Baja California",BC,Rosarito,ROS,96734,32.36,-117.06,2020-05-06,30,8,28,3,1,0,1,2,0,0,8.27,28.95,24
214,"Baja California",BC,Ensenada,ENS,486639,31.84,-116.61,2020-05-06,240,44,56,9,2,0,6,1,2,0,9.04,11.51,45
215,"Baja California",BC,Tecate,TEC,102406,32.56,-116.62,2020-05-06,54,46,98,13,13,0,-8,7,8,4,44.92,95.70,72
216,"Baja California",BC,"San Quintin",SQ,4777,30.57,-115.94,2020-05-06,28,0,16,1,0,0,0,0,0,0,0.00,334.94,15
217,"Baja California",BC,Mexicali,MXL,988417,32.61,-115.45,2020-05-07,678,205,815,77,151,58,-35,88,8,20,20.74,82.46,587
218,"Baja California",BC,Tijuana,TJ,1641570,32.50,-116.95,2020-05-07,687,265,1102,222,186,25,-16,65,19,10,16.14,67.13,694
219,"Baja California",BC,Rosarito,ROS,96734,32.36,-117.06,2020-05-07,31,9,30,3,1,1,1,2,0,0,9.30,31.01,26
220,"Baja California",BC,Ensenada,ENS,486639,31.84,-116.61,2020-05-07,250,46,68,11,4,10,2,12,2,2,9.45,13.97,53
221,"Baja California",BC,Tecate,TEC,102406,32.56,-116.62,2020-05-07,58,41,112,13,13,4,-5,14,0,0,40.04,109.37,86
222,"Baja California",BC,"San Quintin",SQ,4777,30.57,-115.94,2020-05-07,29,0,16,1,0,1,0,0,0,0,0.00,334.94,15
223,"Baja California",BC,Mexicali,MXL,988417,32.61,-115.45,2020-05-08,684,171,858,85,175,6,-34,43,8,24,17.30,86.81,598
224,"Baja California",BC,Tijuana,TJ,1641570,32.50,-116.95,2020-05-08,694,283,1136,226,198,7,18,34,4,12,17.24,69.20,712
225,"Baja California",BC,Rosarito,ROS,96734,32.36,-117.06,2020-05-08,31,10,30,3,1,0,1,0,0,0,10.34,31.01,26
226,"Baja California",BC,Ensenada,ENS,486639,31.84,-116.61,2020-05-08,252,56,75,12,4,2,10,7,1,0,11.51,15.41,59
227,"Baja California",BC,Tecate,TEC,102406,32.56,-116.62,2020-05-08,58,44,112,13,13,0,3,0,0,0,42.97,109.37,86
228,"Baja California",BC,"San Quintin",SQ,4777,30.57,-115.94,2020-05-08,32,6,16,1,0,3,6,0,0,0,125.60,334.94,15
229,"Baja California",BC,Mexicali,MXL,988417,32.61,-115.45,2020-05-09,721,239,911,86,203,37,68,53,1,28,24.18,92.17,622
230,"Baja California",BC,Tijuana,TJ,1641570,32.50,-116.95,2020-05-09,701,396,1190,255,198,7,113,54,29,0,24.12,72.49,737
231,"Baja California",BC,Rosarito,ROS,96734,32.36,-117.06,2020-05-09,31,12,30,3,3,0,2,0,0,2,12.41,31.01,24
232,"Baja California",BC,Ensenada,ENS,486639,31.84,-116.61,2020-05-09,291,35,90,13,4,39,-21,15,1,0,7.19,18.49,73
233,"Baja California",BC,Tecate,TEC,102406,32.56,-116.62,2020-05-09,58,67,112,14,18,0,23,0,1,5,65.43,109.37,80
234,"Baja California",BC,"San Quintin",SQ,4777,30.57,-115.94,2020-05-09,32,7,16,1,0,0,1,0,0,0,146.54,334.94,15
235,"Baja California",BC,Mexicali,MXL,988417,32.61,-115.45,2020-05-10,726,243,942,96,198,5,4,31,10,0,24.58,95.30,648
236,"Baja California",BC,Tijuana,TJ,1641570,32.50,-116.95,2020-05-10,706,408,1216,274,203,5,12,26,19,0,24.85,74.08,739
237,"Baja California",BC,Rosarito,ROS,96734,32.36,-117.06,2020-05-10,31,8,36,3,3,0,-4,6,0,0,8.27,37.22,30
238,"Baja California",BC,Ensenada,ENS,486639,31.84,-116.61,2020-05-10,292,33,97,13,4,1,-2,7,0,0,6.78,19.93,80
239,"Baja California",BC,Tecate,TEC,102406,32.56,-116.62,2020-05-10,58,65,118,15,18,0,-2,6,1,0,63.47,115.23,85
240,"Baja California",BC,"San Quintin",SQ,4777,30.57,-115.94,2020-05-10,35,9,16,1,0,3,2,0,0,0,188.40,334.94,15
241,"Baja California",BC,Mexicali,MXL,988417,32.61,-115.45,2020-05-11,729,240,949,99,212,3,-3,7,3,14,24.28,96.01,638
242,"Baja California",BC,Tijuana,TJ,1641570,32.50,-116.95,2020-05-11,708,417,1237,280,217,2,9,21,6,14,25.40,75.35,740
243,"Baja California",BC,Rosarito,ROS,96734,32.36,-117.06,2020-05-11,31,8,36,4,3,0,0,0,1,0,8.27,37.22,29
244,"Baja California",BC,Ensenada,ENS,486639,31.84,-116.61,2020-05-11,294,77,103,16,4,2,44,6,3,0,15.82,21.17,83
245,"Baja California",BC,Tecate,TEC,102406,32.56,-116.62,2020-05-11,59,66,120,16,20,1,1,2,1,2,64.45,117.18,84
246,"Baja California",BC,"San Quintin",SQ,4777,30.57,-115.94,2020-05-11,32,7,16,1,0,-3,-2,0,0,0,146.54,334.94,15
247,"Baja California",BC,Mexicali,MXL,988417,32.61,-115.45,2020-05-12,733,291,996,101,221,4,51,47,2,9,29.44,100.77,674
248,"Baja California",BC,Tijuana,TJ,1641570,32.50,-116.95,2020-05-12,709,452,1247,292,227,1,35,10,12,10,27.53,75.96,728
249,"Baja California",BC,Rosarito,ROS,96734,32.36,-117.06,2020-05-12,31,10,36,4,3,0,2,0,0,0,10.34,37.22,29
250,"Baja California",BC,Ensenada,ENS,486639,31.84,-116.61,2020-05-12,294,99,105,18,5,0,22,2,2,1,20.34,21.58,82
251,"Baja California",BC,Tecate,TEC,102406,32.56,-116.62,2020-05-12,59,81,124,17,20,0,15,4,1,0,79.10,121.09,87
252,"Baja California",BC,"San Quintin",SQ,4777,30.57,-115.94,2020-05-12,33,7,16,1,0,1,0,0,0,0,146.54,334.94,15
253,"Baja California",BC,Mexicali,MXL,988417,32.61,-115.45,2020-05-13,766,264,1093,107,230,33,-27,97,6,9,26.71,110.58,756
254,"Baja California",BC,Tijuana,TJ,1641570,32.50,-116.95,2020-05-13,737,337,1359,311,239,28,-115,112,19,12,20.53,82.79,809
255,"Baja California",BC,Rosarito,ROS,96734,32.36,-117.06,2020-05-13,31,8,41,4,3,0,-2,5,0,0,8.27,42.38,34
256,"Baja California",BC,Ensenada,ENS,486639,31.84,-116.61,2020-05-13,366,16,127,18,5,72,-83,22,0,0,3.29,26.10,104
257,"Baja California",BC,Tecate,TEC,102406,32.56,-116.62,2020-05-13,64,42,124,18,29,5,-39,0,1,9,41.01,121.09,77
258,"Baja California",BC,"San Quintin",SQ,4777,30.57,-115.94,2020-05-13,39,1,18,1,0,6,-6,2,0,0,20.93,376.81,17
259,"Baja California",BC,Mexicali,MXL,988417,32.61,-115.45,2020-05-14,766,293,1121,116,254,0,29,28,9,24,29.64,113.41,751
260,"Baja California",BC,Tijuana,TJ,1641570,32.50,-116.95,2020-05-14,737,317,1404,327,245,0,-20,45,16,6,19.31,85.53,832
261,"Baja California",BC,Rosarito,ROS,96734,32.36,-117.06,2020-05-14,31,9,41,4,3,0,1,0,0,0,9.30,42.38,34
262,"Baja California",BC,Ensenada,ENS,486639,31.84,-116.61,2020-05-14,366,45,127,20,5,0,29,0,2,0,9.25,26.10,102
263,"Baja California",BC,Tecate,TEC,102406,32.56,-116.62,2020-05-14,64,45,124,18,33,0,3,0,0,4,43.94,121.09,73
264,"Baja California",BC,"San Quintin",SQ,4777,30.57,-115.94,2020-05-14,39,7,18,2,0,0,6,0,1,0,146.54,376.81,16
